"Report Date","Order ID","Customer Name","Sample","Test Type","Pathogen","Internal Control","Result","Pathogen Ct","Pathogen Load"
"09/09/2024","9091","-","0015_9091_0001","MOMS","HLVd","Passed","Positive","1.10","27349966219"
"09/09/2024","9091","-","0015_9091_0002","MOMS","HLVd","Passed","Positive","1.10","27349966219"
"09/09/2024","9091","-","0015_9091_0003","MOMS","HLVd","Passed","Positive","1.10","27349966219"
"09/09/2024","9091","-","0015_9091_0004","MOMS","HLVd","Passed","Positive","1.10","27349966219"
"09/09/2024","9091","-","0015_9091_0005","MOMS","HLVd","Passed","Positive","1.10","27349966219"
"09/09/2024","9091","-","0015_9091_0001","MOMS","Pan Fus","Passed","Positive","1.10","5806412814"
"09/09/2024","9091","-","0015_9091_0002","MOMS","Pan Fus","Passed","Positive","1.10","5806412814"
"09/09/2024","9091","-","0015_9091_0003","MOMS","Pan Fus","Passed","Positive","1.10","5806412814"
"09/09/2024","9091","-","0015_9091_0004","MOMS","Pan Fus","Passed","Positive","1.10","5806412814"
"09/09/2024","9091","-","0015_9091_0005","MOMS","Pan Fus","Passed","Positive","1.10","5806412814"
